id,user_id,provider_id
140dc20b-0f71-5504-8f7b-0597947a8231,5887d510-f2a8-522f-8b43-11658468e765,6c702627-8ef0-5c55-b582-b48f57c47527
1f4e5903-bbac-525f-b917-095308694a50,b20f7b70-b979-5d2e-afc0-c742618c57c4,eb44d660-ec45-5569-9c1a-f84d93b9395d
258dd089-a835-5494-92d0-fb989e4d6a26,a5638e8d-6e87-5d55-9aca-d323719ab8e2,eb44d660-ec45-5569-9c1a-f84d93b9395d
3c90422f-f52e-5d5e-bfa0-0e62fa9813f7,326b9c48-7fbc-5554-8464-fd50231133fb,7f78bea1-59b5-5afb-ac6c-1b15c5a6b049
600e04a9-a99d-5593-91ba-dc4487a21c7e,5016512e-908c-5188-910f-a8461bdca51f,18665402-e4cb-5a13-ab15-12ec8c285c08
64d696c9-2a46-5a99-9bdd-2e0bcd638d04,4bd8e6e1-4383-5f48-b890-b8105cabf00a,18665402-e4cb-5a13-ab15-12ec8c285c08
75cda74a-dfc4-5806-bbed-f74bac02c255,b5f9a2d3-fc91-5ab5-b929-38345a555876,2908b677-91c9-5a6e-b5c5-6db5a46f60b0
89099fd0-c688-5c93-be57-9af0667733ee,3025e90f-6261-5bb5-90d7-5e9dbef8992b,7f78bea1-59b5-5afb-ac6c-1b15c5a6b049
c4929c51-1816-55f0-bd1f-111810f7d104,6142da34-fa29-527c-9245-efcb4b5110ba,78fd0157-e816-51cf-b964-63bf864a35c5
c7e3e1d5-ba40-515c-b19d-2ba2ca51095e,08dc4cda-dd77-5bea-9a71-6f83afc6c843,2908b677-91c9-5a6e-b5c5-6db5a46f60b0
c8b6f822-4824-5323-9cb9-cd43b29a5cf9,3fd8b018-98ff-59b2-a757-356f11209cd1,78fd0157-e816-51cf-b964-63bf864a35c5
d118e590-26fa-52e1-b089-ba6715cd0bc7,93488c81-642d-5262-82d2-80a25174e84f,6c702627-8ef0-5c55-b582-b48f57c47527
