id,email,role,demo_login
00e653d4-cd2a-579c-a2c7-9e693fe02bcf,patient005@pulse.test,PATIENT,
0102daf2-8401-5a88-8cb0-a6e2b89c0c62,patient007@pulse.test,PATIENT,
0153a4b0-0ecc-5dfb-8b34-e95f0e3fdbea,patient084@pulse.test,PATIENT,
033628e9-71f9-5355-8a1a-b97cbfd85e24,patient079@pulse.test,PATIENT,
087622fd-4ef9-5b93-b8c9-3940283c8175,patient035@pulse.test,PATIENT,
08dc4cda-dd77-5bea-9a71-6f83afc6c843,staff001@pulse.test,PROVIDER_STAFF,
0eaa2e7a-675b-56db-854d-98517c0a65e0,patient018@pulse.test,PATIENT,
11617fd5-0529-53ce-8067-25aac13430f1,patient040@pulse.test,PATIENT,
13432226-1d56-5bb6-b30b-03a61584ffab,patient015@pulse.test,PATIENT,
14b92e5f-fc1e-57a1-9f9a-796736c0f131,patient056@pulse.test,PATIENT,
1527bd60-2926-5364-b2b0-80ee02a9c7c2,patient026@pulse.test,PATIENT,
15d2f3fb-1378-56e4-a46b-c0c7a20cdbdd,clinician1@pulse.test,CLINICIAN,
188af4b3-0313-5360-90a5-b5b38a995cef,patient072@pulse.test,PATIENT,
1a9e1035-6d13-5a27-98e9-dd67334e9c2f,patient001@pulse.test,PATIENT,
1c5592dd-f62f-5051-b95e-caa437a508db,patient087@pulse.test,PATIENT,
27cc9b6a-2ecf-5963-aaf3-7218128c1229,patient055@pulse.test,PATIENT,
280e178e-63c9-55d8-9e41-44b4d88e45a6,patient065@pulse.test,PATIENT,
2a2dcfee-493d-5e7b-926d-7512d6086eb7,patient006@pulse.test,PATIENT,
2ec819bc-48a6-5793-99f6-be2cc02922b4,patient042@pulse.test,PATIENT,
3025e90f-6261-5bb5-90d7-5e9dbef8992b,staff021@pulse.test,PROVIDER_STAFF,
3081f3df-887f-573b-8fb0-526be25ee888,patient081@pulse.test,PATIENT,
326b9c48-7fbc-5554-8464-fd50231133fb,staff020@pulse.test,PROVIDER_STAFF,
33301982-bd87-5f0d-bc3f-0cf3d8fdb7f2,patient045@pulse.test,PATIENT,
33441441-0a56-5b47-b8c5-5b1657f87e83,patient085@pulse.test,PATIENT,
3374f975-b62e-5811-9bfd-1b85ad64e556,patient043@pulse.test,PATIENT,
367809bb-1ff4-5eda-b3c6-2b21613124da,patient017@pulse.test,PATIENT,
37d0c7bd-b5f3-59d6-bd28-e44a48bf52c6,patient009@pulse.test,PATIENT,
3af72832-e234-5bbe-badb-d681da9554d9,patient016@pulse.test,PATIENT,
3e1e9d16-1757-5f19-b0be-f40caabd7c31,patient038@pulse.test,PATIENT,
3ec63ec0-9ca7-54f8-9f40-70c439c5bffc,patient049@pulse.test,PATIENT,
3fd8b018-98ff-59b2-a757-356f11209cd1,staff010@pulse.test,PROVIDER_STAFF,
44a12588-c32f-513b-9c4e-bbd42bdda89e,patient023@pulse.test,PATIENT,
44e4531e-4149-513f-95d5-343a942af00b,clinician0@pulse.test,CLINICIAN,1
47748846-ead9-5589-9366-1cdc5fca4403,patient063@pulse.test,PATIENT,
4925fe6d-af5e-5400-b2c6-41a3b06e1284,patient002@pulse.test,PATIENT,
4bd8e6e1-4383-5f48-b890-b8105cabf00a,staff041@pulse.test,PROVIDER_STAFF,
4cc23b67-f524-57e4-b05d-7d4a1dcd844b,patient054@pulse.test,PATIENT,
4d437a58-186b-51b9-91ed-0079dcc10589,patient033@pulse.test,PATIENT,
5016512e-908c-5188-910f-a8461bdca51f,staff040@pulse.test,PROVIDER_STAFF,
5130b71f-9c39-5be0-b990-3406890704a7,patient021@pulse.test,PATIENT,
531bd55c-b1b0-5b7a-ac9b-506a670f8413,patient019@pulse.test,PATIENT,
535fbdec-6d83-5c49-b2be-0f6aeb7b323b,patient010@pulse.test,PATIENT,
541ae9a6-c8b3-526e-a48f-0690ec1c3728,patient086@pulse.test,PATIENT,
544d0574-b09a-5020-a7d4-aff1ac711d5a,patient077@pulse.test,PATIENT,
54763abd-eb7e-5a01-96df-4ec034e02436,patient052@pulse.test,PATIENT,
5479fb25-168a-5ebd-bf08-fe628254a6e4,patient025@pulse.test,PATIENT,
561cb398-b83c-578f-a3de-336f81c7555c,patient048@pulse.test,PATIENT,
5887d510-f2a8-522f-8b43-11658468e765,staff031@pulse.test,PROVIDER_STAFF,
58d087df-e343-52b2-a7ec-5c9ed77758ed,patient034@pulse.test,PATIENT,
6132873a-f0e6-5421-ac98-6d5a0da64f01,patient008@pulse.test,PATIENT,
6142da34-fa29-527c-9245-efcb4b5110ba,staff011@pulse.test,PROVIDER_STAFF,
6f70a4a4-4ad2-5116-bfaf-464d0f5bd785,patient037@pulse.test,PATIENT,
735f679d-619c-5cdf-9f1b-c4b23311b0a1,patient062@pulse.test,PATIENT,
7982075a-c026-5d85-9654-3ba15bde9204,patient030@pulse.test,PATIENT,
79d5d493-a1f1-5b87-b1c9-e04beb46dd89,patient022@pulse.test,PATIENT,
7b2c81aa-96f8-5bc6-9675-b000fcf7c0fe,patient071@pulse.test,PATIENT,
7f3439fd-fa4a-512a-9040-2f8be53940e4,patient039@pulse.test,PATIENT,
8357245e-20de-556f-a4db-dc4007ee4a37,patient046@pulse.test,PATIENT,
8387ee17-286f-5e8e-8860-d990dae0e1e2,patient012@pulse.test,PATIENT,
84fc2312-a13d-5c31-b089-c69e366eb53c,patient061@pulse.test,PATIENT,
89c22bf0-b584-5b7e-8e28-78cf44287cf8,patient066@pulse.test,PATIENT,
8a5af238-2d0c-53d7-a109-82f72fed0776,patient080@pulse.test,PATIENT,
8c9768fc-7798-56a6-ae7b-e0b080a36ce6,patient041@pulse.test,PATIENT,
8d50d94d-b4d9-5b5b-97ef-603d26ce4a65,patient047@pulse.test,PATIENT,
928af70b-f011-5716-bed6-8c18ca7c6253,patient050@pulse.test,PATIENT,
93488c81-642d-5262-82d2-80a25174e84f,staff030@pulse.test,PROVIDER_STAFF,
999c0640-2977-5264-b7f5-4c2322c55165,patient074@pulse.test,PATIENT,
9dc1c1bf-8ba0-5d12-bd6c-a3ad4f5b07dd,patient029@pulse.test,PATIENT,
9e91aee8-c511-568c-bf02-7ebcd7fbc87e,patient051@pulse.test,PATIENT,
a3cd7119-a507-5495-b40c-e954a9324d47,patient083@pulse.test,PATIENT,
a5638e8d-6e87-5d55-9aca-d323719ab8e2,staff051@pulse.test,PROVIDER_STAFF,
a7c0a318-042b-5807-97de-29071a502451,patient082@pulse.test,PATIENT,
a7d5afb1-8655-5445-9d3f-2964bf413830,patient076@pulse.test,PATIENT,
a9148eb2-9ade-56c7-9603-b71de8dfd626,patient004@pulse.test,PATIENT,
abfc38cf-d9fe-5db8-8656-590921008cf1,patient053@pulse.test,PATIENT,
b20f7b70-b979-5d2e-afc0-c742618c57c4,staff050@pulse.test,PROVIDER_STAFF,
b45e668b-b466-5cc5-903a-ca69dd8b9b0a,patient057@pulse.test,PATIENT,
b5b9d920-ac70-5ec0-98ef-8545525b9c36,patient075@pulse.test,PATIENT,
b5f9a2d3-fc91-5ab5-b929-38345a555876,staff000@pulse.test,PROVIDER_STAFF,1
bafb784c-ef86-5f7b-8b91-931979f2f50e,patient067@pulse.test,PATIENT,
bcf6a1ae-37ba-5939-9fac-18ff403b23ab,patient032@pulse.test,PATIENT,
c34ea84f-c6b0-5e96-8a41-2b8a7cbdd4f4,patient044@pulse.test,PATIENT,
c3ae3186-43bc-5c9f-be8d-50b70f50dda0,demo.patient.hi@pulse.test,PATIENT,1
c7b47a37-cb21-5677-8abd-68a6fd571fe3,patient011@pulse.test,PATIENT,
c88cfdf3-a802-5094-b039-06c5c7fc89b1,patient027@pulse.test,PATIENT,
c8e12b5b-92fd-5d11-9891-bd3ebcec2b74,patient059@pulse.test,PATIENT,
cb9b3d9c-290f-5034-8f97-14bf678d69cf,patient069@pulse.test,PATIENT,
cbe8f64e-f0c8-5d19-913e-865d0696a829,patient060@pulse.test,PATIENT,
cc2f1ef4-bed0-5107-9239-52228a18bd28,patient020@pulse.test,PATIENT,
ccd7f4fe-dfc9-5320-8e56-82958d1bcfa5,patient014@pulse.test,PATIENT,
d40fb13a-2fa7-582d-9eef-ffa20e5b4cf8,patient073@pulse.test,PATIENT,
dabb4d62-9ed8-5759-8e9b-a6bc4578a1a1,demo.patient.en@pulse.test,PATIENT,1
dadbf688-881a-5218-a6ae-8ea0b715dc4f,patient070@pulse.test,PATIENT,
dbb82223-b0c2-5a4b-ae1d-4fd88e58799f,patient064@pulse.test,PATIENT,
dd9caecf-82b3-5d11-aecf-26cfdf365992,patient036@pulse.test,PATIENT,
e5170f23-3bbf-5ead-9763-ca678b424710,patient058@pulse.test,PATIENT,
e6b2c28a-36dd-5f37-a272-7007c0b899cd,patient078@pulse.test,PATIENT,
ee23431e-2f3a-5080-9ae3-c838d6414f8b,patient024@pulse.test,PATIENT,
f58e2d29-1558-5f4c-ace4-065eb5dbc819,patient068@pulse.test,PATIENT,
f63fee0f-6f0c-5300-b6c0-b963a4ec7447,patient000@pulse.test,PATIENT,
fac3d21c-ee65-576c-a120-3f27457fa084,patient028@pulse.test,PATIENT,
fd668aaf-a1ac-5640-b13f-3a03347951e3,patient031@pulse.test,PATIENT,
